,accuracy,f1_score_macro,precision_macro,recall_macro
Lsvc Model 11 Binary,0.9665273033192271,0.9316678949344546,0.980413179130817,0.8953845315473185
