,accuracy,f1_score_macro,precision_macro,recall_macro
Lsvc Model 35 Binary,0.9490898893590985,0.9012594000783843,0.9185688943400754,0.8860475926731811
