,accuracy,f1_score_macro,precision_macro,recall_macro
Lsvc Model 11 Multigroup,0.6294294600520063,0.6053384478190166,0.7119094233171985,0.572729965141974
