,accuracy,f1_score_macro,precision_macro,recall_macro
Lsvc Model 25 Binary,0.9490643960638352,0.9012167543380696,0.918491103765471,0.8860324273713917
