,precision,recall,f1-score,support
0,0.957314974182444,0.8890664961636828,0.9219293883639978,6256.0
1,0.849237668161435,0.7842471426205069,0.8154495349638305,12074.0
2,0.7594662820050487,0.7889117812324405,0.7739090491502068,5339.0
3,1.0,0.3395638629283489,0.5069767441860465,321.0
4,0.5571051086318262,0.4975091767173571,0.5256232686980609,7628.0
5,0.566894581079702,0.7301524710830705,0.6382489802952837,7608.0
accuracy,0.7317085606485494,0.7317085606485494,0.7317085606485494,0.7317085606485494
macro avg,0.781669769010076,0.6715751551242345,0.6970228276095711,39226.0
weighted avg,0.7439193469889724,0.7317085606485494,0.733524203915017,39226.0
