,precision,recall,f1-score,support
0,0.8866377231066088,0.8813938618925832,0.8840080160320642,6256.0
1,0.7398428731762066,0.8189498095080338,0.7773890483116475,12074.0
2,0.7624847746650426,0.7035025285634013,0.7318071115440818,5339.0
3,1.0,0.3395638629283489,0.5069767441860465,321.0
4,0.5225485055060304,0.5225485055060304,0.5225485055060304,7628.0
5,0.5871901418541339,0.5386435331230284,0.5618701583601837,7608.0
accuracy,0.6972671187477694,0.6972671187477694,0.6972671187477694,0.6972671187477694
macro avg,0.749784003051337,0.634100350253571,0.6640999306566756,39226.0
weighted avg,0.696602183695696,0.6972671187477694,0.6946187576054983,39226.0
