,precision,recall,f1-score,support
0,0.9562457103637612,0.8908248081841432,0.9223766964581265,6256.0
1,0.9418199900546992,0.7843299652145105,0.8558904604817208,12074.0
2,0.747613465081226,0.8361116313916463,0.7893899204244033,5339.0
3,1.0,0.3395638629283489,0.5069767441860465,321.0
4,0.5682812955938138,0.5106187729417934,0.5379091285734015,7628.0
5,0.5592275915073495,0.7651156677181914,0.6461675084642282,7608.0
accuracy,0.7477693366644572,0.7477693366644572,0.7477693366644572,0.7477693366644572
macro avg,0.7955313421001416,0.6877607847297722,0.709785076431321,39226.0
weighted avg,0.7713192589864457,0.7477693366644572,0.7520755516769924,39226.0
