,precision,recall,f1-score,support
0,0.886783362775012,0.8826726342710998,0.8847232235840744,6256.0
1,0.9607072691552063,0.9658577878103838,0.9632756437315323,3544.0
2,1.0,1.0,1.0,3396.0
3,0.4296844565640826,0.4197108066971081,0.4246390760346487,2628.0
4,0.4382309941520468,0.455893536121673,0.4468878121505777,2630.0
5,0.3150943396226415,0.3202915228231684,0.31767167586075706,2607.0
6,0.2526817640047676,0.25158227848101267,0.25213082259663033,2528.0
7,0.7366758784050533,0.7452076677316294,0.7409172126265634,2504.0
8,0.4851569126378287,0.4629704573047349,0.4738041002277904,2471.0
9,0.6711077274457556,0.6749617151607963,0.6730292040465738,2612.0
10,0.8631492168178071,0.8453774727492935,0.8541709157658577,2477.0
11,0.3129310344827586,0.29121540312876054,0.3016829420319967,2493.0
12,0.32170542635658916,0.2977281785571941,0.30925274270337405,2509.0
13,0.4068441064638783,1.0,0.5783783783783784,321.0
14,0.02564102564102564,0.02,0.022471910112359553,250.0
accuracy,0.6317238566257074,0.6317238566257074,0.6317238566257074,0.6317238566257074
macro avg,0.5404262343016302,0.5755646307224569,0.549535710656741,39226.0
weighted avg,0.6309378552938565,0.6317238566257074,0.6302082546961816,39226.0
