,precision,recall,f1-score,support
0,0.8883153449084936,0.9077685421994884,0.8979365957783224,6256.0
1,0.8356437287291442,0.8337750538346861,0.8347083454251482,12074.0
2,0.8211920529801324,0.7199850159205844,0.7672654690618762,5339.0
3,0.4068441064638783,1.0,0.5783783783783784,321.0
4,0.5351814871373194,0.5972732039853172,0.5645251223592095,7628.0
5,0.6219315008084668,0.5561251314405888,0.5871903407119562,7608.0
accuracy,0.7316065874674961,0.7316065874674961,0.7316065874674961,0.7316065874674961
macro avg,0.6848513701712391,0.7691544912301108,0.7050007086191484,39226.0
weighted avg,0.7386892303444996,0.7316065874674961,0.7329677114700927,39226.0
