,precision,recall,f1-score,support
0,0.8824261275272162,0.9069693094629157,0.8945294024909348,6256.0
1,0.8125150228347088,0.8399039257909557,0.8259824882915903,12074.0
2,0.7331708231764485,0.7323468814384716,0.7327586206896551,5339.0
3,0.990909090909091,0.3395638629283489,0.505800464037123,321.0
4,0.5349371373307543,0.5800996329313057,0.5566037735849056,7628.0
5,0.6257575757575757,0.5428496319663512,0.5813626126126126,7608.0
accuracy,0.7237291592311222,0.7237291592311222,0.7237291592311222,0.7237291592311222
macro avg,0.7632859629226324,0.6569555407530582,0.6828395602844702,39226.0
weighted avg,0.7241245399112846,0.7237291592311222,0.7217771139574861,39226.0
