,accuracy,f1_score_macro,precision_macro,recall_macro
Lsvc Model 35 Multigroup,0.7093509407025952,0.6712932414116294,0.7575010461268117,0.6534027726294448
