,accuracy,f1_score_macro,precision_macro,recall_macro
Lsvc Model 25 Multiclass,0.5894304797838169,0.4711037243223617,0.602762056464745,0.48665837377462134
