,accuracy,f1_score_macro,precision_macro,recall_macro
Lsvc Model 11 Multigroup,0.6292255136898995,0.605354524341262,0.7114532737840674,0.5727417720847588
