,accuracy,f1_score_macro,precision_macro,recall_macro
Lsvc Model 35 Multiclass,0.6028399530923367,0.4772038239105865,0.5749634523542653,0.49850000751421936
