,accuracy,f1_score_macro,precision_macro,recall_macro
Lsvc Model 35 Multiclass,0.5937898332738489,0.475834784516354,0.6087320664783622,0.49017233613876804
