,accuracy,f1_score_macro,precision_macro,recall_macro
Lsvc Model 25 Multigroup,0.7094529138836486,0.6675787345440699,0.8008656978215773,0.6533183061814775
