,precision,recall,f1-score,support
0,0.8686477932125901,0.7896419437340153,0.8272628317843088,6256.0
1,0.8998405421566673,0.7478052012589034,0.8168083951510765,12074.0
2,0.6927010692701069,0.8372354373478179,0.7581411126187245,5339.0
3,1.0,0.32710280373831774,0.49295774647887325,321.0
4,0.479328165374677,0.8754588358678552,0.6194805194805195,7628.0
5,0.8646766169154229,0.3426656151419558,0.4908218017509178,7608.0
accuracy,0.7094529138836486,0.7094529138836486,0.7094529138836486,0.7094529138836486
macro avg,0.8008656978215773,0.6533183061814775,0.6675787345440699,39226.0
weighted avg,0.7788977019359925,0.7094529138836486,0.7062414048311377,39226.0
