,accuracy,f1_score_macro,precision_macro,recall_macro
Lsvc Model 11 Multiclass,0.5489471269056239,0.4327887220129332,0.4512933510080476,0.4595202311758834
