,accuracy,f1_score_macro,precision_macro,recall_macro
Lsvc Model 11 Multiclass,0.5493805129251007,0.4329856038468916,0.45210124072128843,0.4587650968704856
