,precision,recall,f1-score,support
0,0.957282552753474,0.8919437340153452,0.9234588332643773,6256.0
1,0.960894435777431,0.7651979459996687,0.8519526027018305,12074.0
2,0.738110643804594,0.8546544296684773,0.792118739692735,5339.0
3,1.0,0.3395638629283489,0.5069767441860465,321.0
4,0.521297770700637,0.6866806502359727,0.5926680244399185,7628.0
5,0.6028483138519414,0.5897739221871714,0.5962394525280712,7608.0
accuracy,0.7448121144139092,0.7448121144139092,0.7448121144139092,0.7448121144139092
macro avg,0.7967389528146795,0.687969090839164,0.7105690661354963,39226.0
weighted avg,0.7753862530353641,0.7448121144139092,0.7523723325673876,39226.0
