,precision,recall,f1-score,support
0,0.8898742341180265,0.882193094629156,0.8860170171777171,6256.0
1,0.8170064644455495,0.8164651316879245,0.8167357083678543,12074.0
2,0.7539158331760709,0.7482674658175689,0.7510810302688476,5339.0
3,1.0,0.3395638629283489,0.5069767441860465,321.0
4,0.5268318537167086,0.5212375458835868,0.5240197693574958,7628.0
5,0.5601649381481945,0.589248159831756,0.5743386073922235,7608.0
accuracy,0.71228266965788,0.71228266965788,0.71228266965788,0.71228266965788
macro avg,0.7579655539340916,0.6494958767963902,0.6765281461250309,39226.0
weighted avg,0.7152948076089201,0.71228266965788,0.7123780524010959,39226.0
